Jenis Tanaman,Waktu Panen Minimum (Hari),Waktu Panen Maksimum (Hari),Sources
Padi,90,130,"https://www.corteva.id/berita/mengenal-istilah-dalam-tahapan-menanam-padi-apa-saja-dan-berapa-lama-prosesnya.html#:~:text=Secara%20umum%2C%20padi%20siap%20dipanen,hari%20setelah%20tanam%20(HST)."
Jagung,106,125,https://agrikan.id/mengenal-fase-pertumbuhan-tanaman-jagung/
Jahe,240,360,http://kumparan.com/seputar-hobi/panen-jahe-berapa-bulan-ini-waktu-dan-caranya-249Bg3wnJyc/3
Kapulaga,730,1095,"https://tirto.id/cara-budidaya-tanaman-kapulaga-dan-syarat-tumbuhnya-gwj3#:~:text=Kapulaga%20dapat%20dipanen%20mulai%20umur,Jual%20Sorgum%20per%20Kilogram%20Terbaru"
Kencur,180,360,https://agrotek.id/cara-budidaya-tanaman-kencur/
Kunyit,300,360,https://www.tanam.co.id/budidaya-kunyit/
Lengkuas,300,360,https://www.hasiltani.id/cara-menanam-lengkuas/
Lempuyang,240,300,https://www.polybag99.com/2025/11/panduan-lengkap-budidaya-lempuyang-agar.html
Lidah Buaya,240,360,"https://gdm.id/cara-menanam-lidah-buaya-agar-cepat-besar/#:~:text=Pemula%20Dijamin%20Berhasil%E2%80%9C-,Panen%20Lidah%20Buaya,kekuningan%20yang%20menandakan%20siap%20panen."
Sambiloto ,60,90,https://www.faunadanflora.com/panduan-lengkap-cara-budidaya-tanaman-sambiloto/
Temuireng ,300,720,https://www.faunadanflora.com/panduan-lengkap-cara-budidaya-temu-ireng/
Temukunci ,180,240,https://www.hasiltani.id/cara-menanam-temu-kunci/
Temulawak ,300,360,https://agri.kompas.com/read/2023/08/27/225221584/cara-budidaya-temulawak-dari-pembibitan-sampai-panen?page=all